iter	AUC	Logloss
0	0.5	0.03974800729
1	0.5	0.03339914042
2	0.5	0.03314512206
3	0.5	0.03313157403
4	0.5	0.03313080493
5	0.5	0.0331307606366	0.5	0.0331307580777	0.5	0.0331307579288	0.5	0.0331307579199	0.5	0.03313075791110	0.5	0.03313075791111	0.5	0.03313075791112	0.5	0.03313075791113	0.5	0.03313075791114	0.5	0.03313075791115	0.5	0.03313075791116	0.5	0.03313075791117	0.5	0.03313075791118	0.5	0.03313075791119	0.5	0.03313075791220	0.5	0.03313075791221	0.5	0.03313075791222	0.5	0.03313075791223	0.5	0.03313075791224	0.5	0.03313075791225	0.5	0.03313075791226	0.5	0.03313075791227	0.5	0.03313075791228	0.5	0.03313075791229	0.5	0.03313075791330	0.5	0.03313075791
